[{"family":"MaterialIcons","fonts":[{"asset":"fonts/MaterialIcons-Regular.otf"}]},{"family":"Inter","fonts":[{"asset":"assets%5Cfonts%5CInter%5CInter-Regular.ttf"},{"weight":100,"asset":"assets%5Cfonts%5CInter%5CInter-Thin.ttf"},{"weight":200,"asset":"assets%5Cfonts%5CInter%5CInter-ExtraLight.ttf"},{"weight":300,"asset":"assets%5Cfonts%5CInter%5CInter-Light.ttf"},{"weight":500,"asset":"assets%5Cfonts%5CInter%5CInter-Medium.ttf"},{"weight":600,"asset":"assets%5Cfonts%5CInter%5CInter-SemiBold.ttf"},{"weight":700,"asset":"assets%5Cfonts%5CInter%5CInter-Bold.ttf"},{"weight":800,"asset":"assets%5Cfonts%5CInter%5CInter-ExtraBold.ttf"},{"weight":900,"asset":"assets%5Cfonts%5CInter%5CInter-Black.ttf"}]},{"family":"packages/cupertino_icons/CupertinoIcons","fonts":[{"asset":"packages/cupertino_icons/assets/CupertinoIcons.ttf"}]}]